{"__water": 199.60000000000002, "__milk": 49.900000000000006, "__coffee": 73, "__coin": 0, "__money": 10}